Symbol,Series
APSISAERO,ST
SPCON,ST
ACETEC,SM
STRIDERS,SM
YAAP,SM
MOBILISE,SM
MANILAM,SM
MARUSHIKA,SM
BIOPOL,SM
BRANDMAN,SM
GJL,ST
CKKRETAIL,ST
KRMAYURVED,SM
ARMOUR,SM
AVANA,SM
VICTORYEV,SM
E2ERAIL,SM
DHARARAIL,SM
SOCL,SM
EPWINDIA,SM
SHYAMDHANI,SM
MARC,SM
ASHWINI,SM
EXIMROUTES,ST
FWSTC,SM
ENCOMPAS,SM
SHRIKANHA,SM
NEOCHEM,SM
INVICTA,SM
CSSL,SM
SPEB,SM
CURIS,SM
FINBUD,SM
SHETHJI,SM
JAYESH,SM
GREENLEAF,SM
BAGDIGITAL,SM
SHEEL,SM
MUNISH,SM
VIJAYPD,ST
SUBAHOTELS,SM
MPEL,SM
GURUNANAK,SM
MGSL,SM
ECOLINE,SM
PRIMECAB,SM
SIDDHICOTS,ST
TECHD,SM
GML,ST
TAURIAN,SM
VIGOR,SM
OPTIVALUE,SM
SNEHAA,SM
CURRENT,SM
SATTVAENGG,SM
SHIVASHRIT,SM
CLASSICEIL,SM
ANONDITA,SM
ARCIIL,SM
STUDIOLSD,SM
MRIL,SM
MEDISTEP,ST
AMCL,ST
CONNPLEX,SM
SAWALIYA,SM
PARTH,ST
JYOTIGLOBL,SM
BHADORA,SM
AARADHYA,SM
FLYSBS,SM
RNPL,SM
CUDML,SM
KAYTEX,SM
SELLOWRAP,SM
TSC,SM
SAVY,SM
SPUNWEB,SM
SMARTEN,SM
WHITEFORCE,SM
ETL,SM
PUSHPA,SM
CEDAAR,SM
SILKY,SM
MMEL,SM
PROFX,SM
RTL,ST
SUNTECH,SM
SHKSIL,SM
AAKAAR,ST
MAYASHEEL,SM
SAFEENTP,SM
INFLUX,SM
EEPL,SM
PATILAUTOM,SM
SAMAY,SM
MONOLITH,SM
JAINIK,SM
SACHEEROME,SM
GANGABATH,SM
NEPTUNE,ST
NRVANDANA,SM
NIKITA,SM
BLUEWATER,SM
DCCL,SM
ACCPL,SM
INTEGRITY,SM
VGINFOTECH,SM
ARUNAYA,SM
IWARE,ST
TANKUP,ST
ATCENERGY,SM
SHRIAHIMSA,SM
RAPIDFLEET,SM
ACTIVEINFR,SM
GCHOTELS,SM
DIVINEHIRA,ST
BALAJIPHOS,SM
HPTL,SM
TEJASCARGO,SM
ROYALARC,SM
PSRAJ,SM
VOLERCAR,SM
MAXVOLT,SM
CHANDAN,SM
ELGNZ,SM
READYMIX,SM
KEN,SM
CHAMUNDA,SM
REXPRO,SM
EMAPARTNER,SM
KKJEWELS,SM
BARFLEX,SM
SATKARTAR,SM
DELTIC,SM
ANYA,SM
NMSTEEL,SM
IDENTICAL,SM
PURPLEUTED,SM
SFML,SM
DHANLAXMI,SM
ETML,SM
GANESHIN,SM
AGARWALTUF,SM
APEXECO,SM
ABHAPOWER,SM
C2C,SM
RAJPUTANA,SM
ITTL,ST
LAMOSAIC,SM
ONYX,SM
NEELAM,SM
USHAFIN,SM
DANISH,SM
OBSCP,SM
UHTL,SM
PREMIUM,SM
FRESHARA,ST
LAKSHYA,SM
PRANIK,SM
PARAMOUNT,SM
SAJHOTELS,SM
HVAX,SM
SAHASRA,SM
DIVYADHAN,SM
FORGEAUTO,SM
UNILEX,SM
TECHERA,SM
THESL,SM
WOL3D,ST
RAPPID,SM
PHOGLOBAL,SM
BIKEWO,ST
AVIANSH,SM
SDREAMS,SM
KALANA,ST
PSFL,SM
ENVIRO,SM
OSELDEVICE,SM
DECCANTRAN,SM
PELATRO,SM
EXCELLENT,ST
INNOMET,SM
SPPPOLY,SM
GAJANAND,SM
AUSL,SM
SHUBHSHREE,SM
VIESL,SM
MYMUDRA,SM
NAMOEWASTE,SM
JEYYAM,SM
BOSS,SM
PARAMATRIX,SM
AERON,SM
VDEAL,SM
IPHL,SM
JAYBEE,SM
IDEALTECHO,SM
QVCEL,SM
FORCAS,SM
BRACEPORT,SM
BALCO,SM
POSITRON,SM
SUNLITE,SM
AESTHETIK,SM
PPSL,SM
DHARIWAL,ST
UTSSAV,SM
ASHALOG,SM
RAJINDLTD,SM
BULKCORP,SM
SSEGL,SM
SATECH,SM
ESPRIT,SM
APRAMEYA,SM
TROM,SM
MIEL,SM
CHETANA,SM
VLINFRA,SM
RNFI,SM
KATARIA,SM
MACOBSTECH,SM
TUNWAL,SM
SATIPOLY,SM
PRIZOR,ST
SAHAJSOLAR,SM
GGBL,SM
EFFWA,SM
AMBEY,SM
NEPHROCARE,SM
DTL,SM
AKIKO,ST
DPEL,SM
PCCL,SM
MASON,SM
VISAMAN,ST
SYLVANPLY,SM
SPCL,SM
MEDIORG,SM
WINNY,SM
FALCONTECH,SM
DURLAX,SM
GPECO,SM
TBI,SM
AIMTRON,SM
ZTECH,SM
BEACON,SM
VILAS,SM
GSMFOILS,SM
RULKA,SM
HOACFOODS,ST
QUESTLAB,ST
IEML,SM
VERITAAS,SM
MANDEEP,SM
ABSMARINE,SM
PRLIND,SM
EMMIL,SM
SILKFLEX,ST
REFRACTORY,SM
WINSOL,SM
SLONE,SM
RBS,SM
BIRDYS,SM
TGL,ST
DCG,SM
DRSCARGO,SM
ALUWIND,SM
CGRAPHICS,SM
K2INFRA,SM
YASHOPTICS,SM
RADIOWALLA,SM
TAC,SM
TRUST,SM
ASPIRE,SM
BLUEPEBBLE,ST
NAMAN,SM
VISHWAS,SM
ENSER,SM
ENFUSE,SM
AVPINFRA,SM
SIGNORIA,SM
PRATHAM,SM
SHREEKARNI,SM
SONAMAC,SM
VR,SM
MVKAGRO,SM
PURVFLEXI,SM
OWAIS,SM
SADHAV,SM
DEEM,SM
ZENITHDRUG,SM
ATMASTCO,SM
ESCONET,SM
INM,SM
TCL,SM
WTICAB,SM
POLYSIL,ST
ALPEXSOLAR,SM
ITALIANE,ST
BAWEJA,SM
MEGATHERM,SM
FONEBOX,SM
DHTL,SM
DELAPLEX,SM
ADDICTIVE,SM
KONSTELEC,SM
MAXPOSURE,SM
APS,SM
IBLFL,SM
KLL,SM
KCEIL,SM
AKANKSHA,SM
HRHNEXT,SM
SAIFL,SM
INDIFRA,SM
TECHLABS,SM
SUPREMEPWR,SM
EFORCE,SM
SHREEOSFM,SM
SJLOGISTIC,SM
PRESSTONIC,ST
ACCENTMIC,SM
GRAPHISAD,ST
SHEETAL,ST
CBAZAAR,ST
MARINETRAN,ST
ROCKINGDCE,ST
SUNREST,SM
ROXHITECH,SM
BABAFP,SM
MICROPRO,SM
SARTELE,SM
MAITREYA,SM
TRANSTEEL,SM
PARAGON,SM
SHANTHALA,SM
ONDOOR,SM
RCDL,SM
WOMANCART,SM
ARVINDPORT,SM
COMMITTED,SM
PLADAINFO,SM
KARNIKA,SM
SCML,SM
OLIL,SM
CANARYS,SM
GOYALSALT,SM
KONTOR,SM
VISHNUINFR,SM
ARABIAN,SM
EFACTOR,SM
VINYAS,SM
NEWJAISA,SM
INSPIRE,SM
DIGIKORE,SM
MAL,SM
SAAKSHI,SM
MASTER,SM
HIGREEN,SM
MARCO,SM
CELLECOR,SM
KODYTECH,ST
MADHUSUDAN,SM
KEL,SM
CHAVDA,SM
HOLMARC,SM
UNIHEALTH,ST
JIWANRAM,SM
SAROJA,SM
PRAMARA,SM
BASILIC,SM
MONOPHARMA,SM
CPS,ST
SEL,SM
CLSL,SM
SSFL,SM
YUDIZ,ST
SANGANI,SM
ORIANA,SM
VINSYS,SM
ZEAL,SM
SHRITECH,SM
YCCL,SM
SERVICE,ST
DRONE,SM
SYNOPTICS,SM
TRIDHYA,SM
GLOBALPET,SM
PENTAGON,SM
MAGSON,SM
ESFL,SM
GREENCHEF,SM
AATMAJ,SM
VILINBIO,ST
CELLPOINT,SM
URBAN,SM
SPECTSTM,SM
KDL,ST
SAHANA,SM
INFOLLION,SM
PROV,SM
CRAYONS,SM
DENTALKART,SM
REMUS,SM
KRISHCA,SM
AUROIMPEX,SM
DENEERS,ST
QUICKTOUCH,SM
AGUL,SM
PATTECH,SM
MOS,SM
INFINIUM,SM
SOTAC,SM
NIRMAN,ST
QFIL,SM
VELS,SM
MCON,ST
SYSTANGO,SM
VERTEXPLUS,SM
SRIVASAVI,SM
VIAZ,SM
AGARWALFT,SM
LRRPL,SM
SHERA,SM
GRCL,SM
ARISTO,SM
DUCOL,SM
CMNL,SM
ANLON,SM
RBMINFRA,SM
HOMESFY,SM
MOXSH,ST
UMA,SM
ARIHANTACA,SM
DOLLEX,SM
ALLETEC,SM
ARHAM,SM
PRITIKA,SM
BAHETI,SM
AMIABLE,ST
IPSL,SM
RITEZONE,SM
PHANTOMFX,SM
FROG,SM
SWASTIK,SM
LLOYDS,SM
QMSMEDI,SM
CMRSL,SM
MAKS,SM
KANDARP,SM
ANNAPURNA,SM
TAPIFRUIT,SM
ISHAN,SM
SABAR,ST
MEGAFLEX,ST
VIVIANA,SM
JFLLIFE,SM
KORE,SM
AMEYA,SM
VEEKAYEM,SM
USASEEDS,SM
AGNI,SM
SKP,SM
KCK,SM
RILINFRA,SM
FIDEL,SM
GSTL,ST
SONUINFRA,SM
PROPEQUITY,SM
SWARAJ,ST
COOLCAPS,SM
SPRL,SM
SHIGAN,ST
MADHAVBAUG,SM
RICHA,SM
PRECISION,SM
TIMESCAN,SM
VIVO,SM
FOCE,SM
NIDAN,SM
DKEGL,SM
DYNAMIC,SM
DESTINY,SM
BMETRICS,SM
JAINAM,SM
QUADPRO,SM
BEWLTD,SM
DUGLOBAL,SM
REXPIPES,SM
WALPAR,SM
AILIMITED,SM
VMARCIND,SM
SIDDHIKA,SM
PARTYCRUS,SM
ASCOM,ST
GOLDKART,SM
KHFM,SM
MINDPOOL,SM
SURANI,SM
DRSDILIP,ST
SHUBHLAXMI,SM
UWCSL,SM
PARIN,SM
UCL,ST
AMBANIORGO,ST
JAKHARIA,ST
MAHICKRA,ST
VERA,SM
CONTI,SM
GIRIRAJ,ST
MDL,SM
MHHL,SM
PARAMPARA,ST
VASA,SM
SMVD,ST
FELIX,SM
PULZ,SM
AISL,SM
MILTON,ST
OMFURN,SM
GOLDSTAR,ST
TIRUPATI,SM
CADSYS,SM
MPTODAY,SM
MANAV,ST
TRANSWIND,SM
ACCORD,SM
VSCL,SM
JALAN,SM
ASLIND,ST
PROLIFE,SM
DIRL,SM
ALCODIS,SM
GRETEX,SM
JETKNIT,ST
AVSL,ST
KKVAPOW,SM
PERFECT,SZ
AHIMSA,ST
SHAIVAL,ST
EMKAYTOOLS,SM
